hitter_id,player,team,opponent,game_start_time,game_status,batting_order,pitcher,pitcher_id,pitcher_hand,hitter_hand,barrel_pct,iso,avg_exit_velocity,ev50,xslg,xiso,xwoba,bat_speed,fast_swing_pct,pull_pct,fb_pct,hard_hit_pct,hr_total,pitcher_barrel_pct_allowed,pitcher_hard_hit_pct_allowed,pitcher_avg_exit_velocity_allowed,pitcher_xslg_allowed,pitcher_xiso_allowed,pitcher_fb_pct_allowed,pitcher_hr_allowed,pitcher_hr_allowed_vs_lhh,pitcher_hr_allowed_vs_rhh,ballpark,park_hr_factor,weather_temp,wind_speed,wind_direction,weather_source,weather_url,weather_humidity,weather_precip_pct,confirmed_lineup,rotowire_confirmed_lineup,rotowire_batting_order,rotowire_player_found,lineup_disagreement,lineup_sources_used,source_warnings,stat_years_used,bvp_pa,bvp_hr,bvp_note,recent_games,recent_hits,recent_abs,recent_hr,recent_form_note,split_matchup_note,pitch_mix_note,public_attention,odds
802139,JJ Wetherholt,STL,LAA,2026-07-22T01:38:00Z,Pre-Game,1,Walbert Ureña,700712,R,L,7.3,0.141,90.0,99.4404,0.433,0.175,0.348,72.4,22.7,38.0,30.4,45.4,14.0,5.4,32.3,86.7,0.29,0.093,22.0,5.0,5.0,5.0,Angel Stadium,101,87,10,Out To CF,Open-Meteo forecast; MLB fallback,https://forecast.weather.gov/MapClick.php?lat=33.8003&lon=-117.8827,30,0,Yes,Yes,1,Yes,No,MLB Stats API; RotoWire,,H:2026 P:2026,,,Direct BvP not yet weighted; 2026/2025 Statcast baseline active,7,5,28,1,"Last 7 games: 5/28, 1 HR","platoon edge; pitcher baseline 5.4% barrel, 5.0 HR allowed",neutral batted-ball profile; pitcher fly-ball pressure modest,,
671056,Iván Herrera,STL,LAA,2026-07-22T01:38:00Z,Pre-Game,2,Walbert Ureña,700712,R,R,7.18,0.1478,89.73,100.9809,0.4105,0.1551,0.3479,74.05,44.06,36.19,19.73,41.54,13.4,5.4,32.3,86.7,0.29,0.093,22.0,5.0,5.0,5.0,Angel Stadium,101,87,10,Out To CF,Open-Meteo forecast; MLB fallback,https://forecast.weather.gov/MapClick.php?lat=33.8003&lon=-117.8827,30,0,Yes,Yes,2,Yes,No,MLB Stats API; RotoWire,,H:2026/2025 P:2026,,,Direct BvP not yet weighted; 2026/2025 Statcast baseline active,7,6,31,0,"Last 7 games: 6/31, 0 HR","same-side matchup; pitcher baseline 5.4% barrel, 5.0 HR allowed",neutral batted-ball profile; pitcher fly-ball pressure modest,,
676475,Alec Burleson,STL,LAA,2026-07-22T01:38:00Z,Pre-Game,3,Walbert Ureña,700712,R,L,10.83,0.1809,91.49,101.7961,0.52,0.2298,0.373,73.03,31.02,43.4,28.31,46.71,15.9,5.4,32.3,86.7,0.29,0.093,22.0,5.0,5.0,5.0,Angel Stadium,101,87,10,Out To CF,Open-Meteo forecast; MLB fallback,https://forecast.weather.gov/MapClick.php?lat=33.8003&lon=-117.8827,30,0,Yes,Yes,3,Yes,No,MLB Stats API; RotoWire,,H:2026/2025 P:2026,,,Direct BvP not yet weighted; 2026/2025 Statcast baseline active,7,7,27,0,"Last 7 games: 7/27, 0 HR","platoon edge; pitcher baseline 5.4% barrel, 5.0 HR allowed",neutral batted-ball profile; pitcher fly-ball pressure modest,,
691023,Jordan Walker,STL,LAA,2026-07-22T01:38:00Z,Pre-Game,4,Walbert Ureña,700712,R,R,13.21,0.1904,93.42,105.2929,0.468,0.2054,0.3438,78.87,83.4,38.1,23.49,50.63,17.2,5.4,32.3,86.7,0.29,0.093,22.0,5.0,5.0,5.0,Angel Stadium,101,87,10,Out To CF,Open-Meteo forecast; MLB fallback,https://forecast.weather.gov/MapClick.php?lat=33.8003&lon=-117.8827,30,0,Yes,Yes,4,Yes,No,MLB Stats API; RotoWire,,H:2026/2025 P:2026,,,Direct BvP not yet weighted; 2026/2025 Statcast baseline active,7,7,26,0,"Last 7 games: 7/26, 0 HR","same-side matchup; pitcher baseline 5.4% barrel, 5.0 HR allowed",EV profile; pitcher fly-ball pressure modest,,
663457,Lars Nootbaar,STL,LAA,2026-07-22T01:38:00Z,Pre-Game,5,Walbert Ureña,700712,R,L,10.2,0.1403,91.44,101.7371,0.442,0.1935,0.345,73.05,34.37,41.15,26.94,50.77,6.0,5.4,32.3,86.7,0.29,0.093,22.0,5.0,5.0,5.0,Angel Stadium,101,87,10,Out To CF,Open-Meteo forecast; MLB fallback,https://forecast.weather.gov/MapClick.php?lat=33.8003&lon=-117.8827,30,0,Yes,Yes,5,Yes,No,MLB Stats API; RotoWire,,H:2026/2025 P:2026,,,Direct BvP not yet weighted; 2026/2025 Statcast baseline active,7,4,18,1,"Last 7 games: 4/18, 1 HR","platoon edge; pitcher baseline 5.4% barrel, 5.0 HR allowed",neutral batted-ball profile; pitcher fly-ball pressure modest,,
691026,Masyn Winn,STL,LAA,2026-07-22T01:38:00Z,Pre-Game,6,Walbert Ureña,700712,R,R,3.61,0.0925,88.16,98.6921,0.3316,0.0846,0.2951,71.03,15.06,33.23,20.34,34.88,5.5,5.4,32.3,86.7,0.29,0.093,22.0,5.0,5.0,5.0,Angel Stadium,101,87,10,Out To CF,Open-Meteo forecast; MLB fallback,https://forecast.weather.gov/MapClick.php?lat=33.8003&lon=-117.8827,30,0,Yes,Yes,6,Yes,No,MLB Stats API; RotoWire,,H:2026/2025 P:2026,,,Direct BvP not yet weighted; 2026/2025 Statcast baseline active,7,3,20,0,"Last 7 games: 3/20, 0 HR","same-side matchup; pitcher baseline 5.4% barrel, 5.0 HR allowed",neutral batted-ball profile; pitcher fly-ball pressure modest,,
701675,Nathan Church,STL,LAA,2026-07-22T01:38:00Z,Pre-Game,7,Walbert Ureña,700712,R,L,6.04,0.1193,86.97,98.0402,0.3406,0.1179,0.2708,69.77,8.41,34.78,19.36,34.85,5.9,5.4,32.3,86.7,0.29,0.093,22.0,5.0,5.0,5.0,Angel Stadium,101,87,10,Out To CF,Open-Meteo forecast; MLB fallback,https://forecast.weather.gov/MapClick.php?lat=33.8003&lon=-117.8827,30,0,Yes,Yes,7,Yes,No,MLB Stats API; RotoWire,,H:2026/2025 P:2026,,,Direct BvP not yet weighted; 2026/2025 Statcast baseline active,7,2,19,0,"Last 7 games: 2/19, 0 HR","platoon edge; pitcher baseline 5.4% barrel, 5.0 HR allowed",neutral batted-ball profile; pitcher fly-ball pressure modest,,
691458,Blaze Jordan,STL,LAA,2026-07-22T01:38:00Z,Pre-Game,8,Walbert Ureña,700712,R,R,6.6,0.131,88.9,99.7708,0.392,0.133,0.3,72.9,33.3,42.1,21.1,44.7,1.0,5.4,32.3,86.7,0.29,0.093,22.0,5.0,5.0,5.0,Angel Stadium,101,87,10,Out To CF,Open-Meteo forecast; MLB fallback,https://forecast.weather.gov/MapClick.php?lat=33.8003&lon=-117.8827,30,0,Yes,Yes,8,Yes,No,MLB Stats API; RotoWire,,H:2026 P:2026,,,Direct BvP not yet weighted; 2026/2025 Statcast baseline active,7,6,20,0,"Last 7 games: 6/20, 0 HR","same-side matchup; pitcher baseline 5.4% barrel, 5.0 HR allowed",neutral batted-ball profile; pitcher fly-ball pressure modest,,
663494,Bryan Torres,STL,LAA,2026-07-22T01:38:00Z,Pre-Game,9,Walbert Ureña,700712,R,L,7.8,0.235,86.8,97.0828,0.408,0.174,0.303,66.2,1.7,45.3,28.3,32.1,4.0,5.4,32.3,86.7,0.29,0.093,22.0,5.0,5.0,5.0,Angel Stadium,101,87,10,Out To CF,Open-Meteo forecast; MLB fallback,https://forecast.weather.gov/MapClick.php?lat=33.8003&lon=-117.8827,30,0,Yes,Yes,9,Yes,No,MLB Stats API; RotoWire,,H:2026 P:2026,,,Direct BvP not yet weighted; 2026/2025 Statcast baseline active,7,1,11,0,"Last 7 games: 1/11, 0 HR","platoon edge; pitcher baseline 5.4% barrel, 5.0 HR allowed",neutral batted-ball profile; pitcher fly-ball pressure modest,,
687263,Zach Neto,LAA,STL,2026-07-22T01:38:00Z,Pre-Game,1,Matthew Liberatore,669461,L,R,13.23,0.2114,89.81,100.1337,0.4313,0.2139,0.3188,71.19,13.23,47.34,35.24,41.28,21.1,9.83,42.15,90.67,0.4629,0.1885,28.66,17.6,17.6,17.6,Angel Stadium,101,87,10,Out To CF,Open-Meteo forecast; MLB fallback,https://forecast.weather.gov/MapClick.php?lat=33.8003&lon=-117.8827,30,0,Yes,Yes,1,Yes,No,MLB Stats API; RotoWire,,H:2026/2025 P:2026/2025,,,Direct BvP not yet weighted; 2026/2025 Statcast baseline active,7,7,28,0,"Last 7 games: 7/28, 0 HR","platoon edge; pitcher baseline 9.8% barrel, 17.6 HR allowed",fly-ball profile; pitcher fly-ball pressure modest,,
545361,Mike Trout,LAA,STL,2026-07-22T01:38:00Z,Pre-Game,2,Matthew Liberatore,669461,L,R,18.32,0.2224,90.76,103.3895,0.5202,0.2698,0.3881,74.77,49.48,39.73,33.03,48.74,20.4,9.83,42.15,90.67,0.4629,0.1885,28.66,17.6,17.6,17.6,Angel Stadium,101,87,10,Out To CF,Open-Meteo forecast; MLB fallback,https://forecast.weather.gov/MapClick.php?lat=33.8003&lon=-117.8827,30,0,Yes,Yes,2,Yes,No,MLB Stats API; RotoWire,,H:2026/2025 P:2026/2025,,,Direct BvP not yet weighted; 2026/2025 Statcast baseline active,7,6,28,0,"Last 7 games: 6/28, 0 HR","platoon edge; pitcher baseline 9.8% barrel, 17.6 HR allowed",neutral batted-ball profile; pitcher fly-ball pressure modest,,
694384,Nolan Schanuel,LAA,STL,2026-07-22T01:38:00Z,Pre-Game,3,Matthew Liberatore,669461,L,L,2.75,0.1194,87.36,96.9561,0.388,0.1078,0.3312,67.85,6.17,40.24,20.45,31.59,7.8,9.83,42.15,90.67,0.4629,0.1885,28.66,17.6,17.6,17.6,Angel Stadium,101,87,10,Out To CF,Open-Meteo forecast; MLB fallback,https://forecast.weather.gov/MapClick.php?lat=33.8003&lon=-117.8827,30,0,Yes,Yes,3,Yes,No,MLB Stats API; RotoWire,,H:2026/2025 P:2026/2025,,,Direct BvP not yet weighted; 2026/2025 Statcast baseline active,7,11,26,0,Contact streak: 11/26 over last 7 games,"same-side matchup; pitcher baseline 9.8% barrel, 17.6 HR allowed",neutral batted-ball profile; pitcher fly-ball pressure modest,,
624585,Jorge Soler,LAA,STL,2026-07-22T01:38:00Z,Pre-Game,4,Matthew Liberatore,669461,L,R,11.89,0.1699,88.65,101.5887,0.3744,0.1662,0.2975,74.7,48.55,50.35,24.68,41.65,11.3,9.83,42.15,90.67,0.4629,0.1885,28.66,17.6,17.6,17.6,Angel Stadium,101,87,10,Out To CF,Open-Meteo forecast; MLB fallback,https://forecast.weather.gov/MapClick.php?lat=33.8003&lon=-117.8827,30,0,Yes,Yes,4,Yes,No,MLB Stats API; RotoWire,,H:2026/2025 P:2026/2025,,,Direct BvP not yet weighted; 2026/2025 Statcast baseline active,7,3,24,0,"Last 7 games: 3/24, 0 HR","platoon edge; pitcher baseline 9.8% barrel, 17.6 HR allowed",neutral batted-ball profile; pitcher fly-ball pressure modest,,
687093,Vaughn Grissom,LAA,STL,2026-07-22T01:38:00Z,Pre-Game,5,Matthew Liberatore,669461,L,R,7.0,0.141,89.0,99.8749,0.43,0.158,0.343,71.8,21.8,40.1,26.7,41.9,5.0,9.83,42.15,90.67,0.4629,0.1885,28.66,17.6,17.6,17.6,Angel Stadium,101,87,10,Out To CF,Open-Meteo forecast; MLB fallback,https://forecast.weather.gov/MapClick.php?lat=33.8003&lon=-117.8827,30,0,Yes,Yes,5,Yes,No,MLB Stats API; RotoWire,,H:2026 P:2026/2025,,,Direct BvP not yet weighted; 2026/2025 Statcast baseline active,7,8,26,1,"Last 7 games: 8/26, 1 HR","platoon edge; pitcher baseline 9.8% barrel, 17.6 HR allowed",neutral batted-ball profile; pitcher fly-ball pressure modest,,
666176,Jo Adell,LAA,STL,2026-07-22T01:38:00Z,Pre-Game,6,Matthew Liberatore,669461,L,R,11.14,0.1818,90.3,102.6602,0.4699,0.2099,0.3356,77.39,71.72,38.0,26.86,45.52,20.9,9.83,42.15,90.67,0.4629,0.1885,28.66,17.6,17.6,17.6,Angel Stadium,101,87,10,Out To CF,Open-Meteo forecast; MLB fallback,https://forecast.weather.gov/MapClick.php?lat=33.8003&lon=-117.8827,30,0,Yes,Yes,6,Yes,No,MLB Stats API; RotoWire,,H:2026/2025 P:2026/2025,,,Direct BvP not yet weighted; 2026/2025 Statcast baseline active,7,2,26,1,"Last 7 games: 2/26, 1 HR","platoon edge; pitcher baseline 9.8% barrel, 17.6 HR allowed",neutral batted-ball profile; pitcher fly-ball pressure modest,,
672724,Oswald Peraza,LAA,STL,2026-07-22T01:38:00Z,Pre-Game,7,Matthew Liberatore,669461,L,R,7.4,0.1217,87.31,99.9966,0.3445,0.1218,0.2704,72.83,28.81,37.39,20.38,38.03,6.4,9.83,42.15,90.67,0.4629,0.1885,28.66,17.6,17.6,17.6,Angel Stadium,101,87,10,Out To CF,Open-Meteo forecast; MLB fallback,https://forecast.weather.gov/MapClick.php?lat=33.8003&lon=-117.8827,30,0,Yes,Yes,7,Yes,No,MLB Stats API; RotoWire,,H:2026/2025 P:2026/2025,,,Direct BvP not yet weighted; 2026/2025 Statcast baseline active,7,3,11,0,"Last 7 games: 3/11, 0 HR","platoon edge; pitcher baseline 9.8% barrel, 17.6 HR allowed",neutral batted-ball profile; pitcher fly-ball pressure modest,,
642350,Jose Siri,LAA,STL,2026-07-22T01:38:00Z,Pre-Game,8,Matthew Liberatore,669461,L,R,14.89,0.1607,86.23,98.8137,0.3893,0.1987,0.2855,72.94,31.86,28.26,40.8,34.42,3.5,9.83,42.15,90.67,0.4629,0.1885,28.66,17.6,17.6,17.6,Angel Stadium,101,87,10,Out To CF,Open-Meteo forecast; MLB fallback,https://forecast.weather.gov/MapClick.php?lat=33.8003&lon=-117.8827,30,0,Yes,Yes,8,Yes,No,MLB Stats API; RotoWire,,H:2026/2025 P:2026/2025,,,Direct BvP not yet weighted; 2026/2025 Statcast baseline active,7,1,4,0,"Last 7 games: 1/4, 0 HR","platoon edge; pitcher baseline 9.8% barrel, 17.6 HR allowed",fly-ball profile; pitcher fly-ball pressure modest,,
681351,Logan O'Hoppe,LAA,STL,2026-07-22T01:38:00Z,Pre-Game,9,Matthew Liberatore,669461,L,R,11.34,0.1111,88.17,99.8828,0.3676,0.1564,0.2828,72.14,24.32,45.43,29.21,39.97,8.5,9.83,42.15,90.67,0.4629,0.1885,28.66,17.6,17.6,17.6,Angel Stadium,101,87,10,Out To CF,Open-Meteo forecast; MLB fallback,https://forecast.weather.gov/MapClick.php?lat=33.8003&lon=-117.8827,30,0,Yes,Yes,9,Yes,No,MLB Stats API; RotoWire,,H:2026/2025 P:2026/2025,,,Direct BvP not yet weighted; 2026/2025 Statcast baseline active,7,2,22,0,"Last 7 games: 2/22, 0 HR","platoon edge; pitcher baseline 9.8% barrel, 17.6 HR allowed",neutral batted-ball profile; pitcher fly-ball pressure modest,,
805779,Jacob Wilson,ATH,AZ,2026-07-22T01:40:00Z,Pre-Game,1,Kohl Drake,684442,L,R,2.27,0.1267,84.25,95.5963,0.3598,0.0842,0.2949,64.11,0.44,32.88,20.39,27.15,8.1,,,,,,,,,,Chase Field,101,99,6,None,Open-Meteo forecast; MLB fallback,https://forecast.weather.gov/MapClick.php?lat=33.4455&lon=-112.0667,34,2,Yes,Yes,1,Yes,No,MLB Stats API; RotoWire,,H:2026/2025 P:,,,Direct BvP not yet weighted; 2026/2025 Statcast baseline active,7,13,30,2,Hot streak: 2 HR in last 7 games,"platoon edge; pitcher baseline 0.0% barrel, 0.0 HR allowed",neutral batted-ball profile; pitcher fly-ball pressure modest,,
691016,Tyler Soderstrom,ATH,AZ,2026-07-22T01:40:00Z,Pre-Game,2,Kohl Drake,684442,L,L,10.7,0.2211,90.62,102.0462,0.4402,0.1813,0.3424,74.35,43.15,36.07,26.23,46.3,18.7,,,,,,,,,,Chase Field,101,99,6,None,Open-Meteo forecast; MLB fallback,https://forecast.weather.gov/MapClick.php?lat=33.4455&lon=-112.0667,34,2,Yes,Yes,2,Yes,No,MLB Stats API; RotoWire,,H:2026/2025 P:,,,Direct BvP not yet weighted; 2026/2025 Statcast baseline active,7,7,24,3,Hot streak: 3 HR in last 7 games,"same-side matchup; pitcher baseline 0.0% barrel, 0.0 HR allowed",neutral batted-ball profile; pitcher fly-ball pressure modest,,
669127,Shea Langeliers,ATH,AZ,2026-07-22T01:40:00Z,Pre-Game,3,Kohl Drake,684442,L,R,13.89,0.2387,91.6,102.546,0.4945,0.2337,0.3504,74.85,49.4,40.02,31.03,45.04,24.7,,,,,,,,,,Chase Field,101,99,6,None,Open-Meteo forecast; MLB fallback,https://forecast.weather.gov/MapClick.php?lat=33.4455&lon=-112.0667,34,2,Yes,Yes,3,Yes,No,MLB Stats API; RotoWire,,H:2026/2025 P:,,,Direct BvP not yet weighted; 2026/2025 Statcast baseline active,7,6,26,2,Hot streak: 2 HR in last 7 games,"platoon edge; pitcher baseline 0.0% barrel, 0.0 HR allowed",neutral batted-ball profile; pitcher fly-ball pressure modest,,
641680,Jonah Heim,ATH,AZ,2026-07-22T01:40:00Z,Pre-Game,4,Kohl Drake,684442,L,S,6.24,0.1778,87.19,97.5492,0.3705,0.1417,0.2865,69.84,9.45,40.77,27.9,30.51,9.6,,,,,,,,,,Chase Field,101,99,6,None,Open-Meteo forecast; MLB fallback,https://forecast.weather.gov/MapClick.php?lat=33.4455&lon=-112.0667,34,2,Yes,Yes,4,Yes,No,MLB Stats API; RotoWire,,H:2026/2025 P:,,,Direct BvP not yet weighted; 2026/2025 Statcast baseline active,7,5,30,0,"Last 7 games: 5/30, 0 HR","switch hitter; pitcher baseline 0.0% barrel, 0.0 HR allowed",neutral batted-ball profile; pitcher fly-ball pressure modest,,
695720,Tommy White,ATH,AZ,2026-07-22T01:40:00Z,Pre-Game,5,Kohl Drake,684442,L,R,0.0,0.09,84.0,93.2168,0.408,0.065,0.358,70.3,8.0,27.3,9.1,27.3,0.0,,,,,,,,,,Chase Field,101,99,6,None,Open-Meteo forecast; MLB fallback,https://forecast.weather.gov/MapClick.php?lat=33.4455&lon=-112.0667,34,2,Yes,Yes,5,Yes,No,MLB Stats API; RotoWire,,H:2026 P:,,,Direct BvP not yet weighted; 2026/2025 Statcast baseline active,3,5,11,0,Contact streak: 5/11 over last 3 games,"platoon edge; pitcher baseline 0.0% barrel, 0.0 HR allowed",neutral batted-ball profile; pitcher fly-ball pressure modest,,
691777,Max Muncy,ATH,AZ,2026-07-22T01:40:00Z,Pre-Game,6,Kohl Drake,684442,L,R,10.8,0.1678,89.69,101.5962,0.3663,0.1528,0.2866,74.08,44.98,43.1,23.63,43.67,6.2,,,,,,,,,,Chase Field,101,99,6,None,Open-Meteo forecast; MLB fallback,https://forecast.weather.gov/MapClick.php?lat=33.4455&lon=-112.0667,34,2,Yes,Yes,6,Yes,No,MLB Stats API; RotoWire,,H:2026/2025 P:,,,Direct BvP not yet weighted; 2026/2025 Statcast baseline active,7,5,23,0,"Last 7 games: 5/23, 0 HR","platoon edge; pitcher baseline 0.0% barrel, 0.0 HR allowed",neutral batted-ball profile; pitcher fly-ball pressure modest,,
703607,Henry Bolte,ATH,AZ,2026-07-22T01:40:00Z,Pre-Game,7,Kohl Drake,684442,L,R,6.1,0.086,89.9,104.0192,0.342,0.115,0.296,76.8,73.0,32.8,17.6,46.2,3.0,,,,,,,,,,Chase Field,101,99,6,None,Open-Meteo forecast; MLB fallback,https://forecast.weather.gov/MapClick.php?lat=33.4455&lon=-112.0667,34,2,Yes,Yes,7,Yes,No,MLB Stats API; RotoWire,,H:2026 P:,,,Direct BvP not yet weighted; 2026/2025 Statcast baseline active,7,2,21,0,"Last 7 games: 2/21, 0 HR","platoon edge; pitcher baseline 0.0% barrel, 0.0 HR allowed",neutral batted-ball profile; pitcher fly-ball pressure modest,,
671732,Lawrence Butler,ATH,AZ,2026-07-22T01:40:00Z,Pre-Game,8,Kohl Drake,684442,L,L,6.82,0.1182,89.52,101.9555,0.3608,0.1276,0.304,73.73,37.59,36.08,19.2,44.68,9.8,,,,,,,,,,Chase Field,101,99,6,None,Open-Meteo forecast; MLB fallback,https://forecast.weather.gov/MapClick.php?lat=33.4455&lon=-112.0667,34,2,Yes,Yes,8,Yes,No,MLB Stats API; RotoWire,,H:2026/2025 P:,,,Direct BvP not yet weighted; 2026/2025 Statcast baseline active,7,4,21,0,"Last 7 games: 4/21, 0 HR","same-side matchup; pitcher baseline 0.0% barrel, 0.0 HR allowed",neutral batted-ball profile; pitcher fly-ball pressure modest,,
675961,Alika Williams,ATH,AZ,2026-07-22T01:40:00Z,Pre-Game,9,Kohl Drake,684442,L,R,0.0,0.166,86.0,97.5696,0.268,0.06,0.227,69.4,4.5,37.5,21.9,36.5,2.0,,,,,,,,,,Chase Field,101,99,6,None,Open-Meteo forecast; MLB fallback,https://forecast.weather.gov/MapClick.php?lat=33.4455&lon=-112.0667,34,2,Yes,Yes,9,Yes,No,MLB Stats API; RotoWire,,H:2026 P:,,,Direct BvP not yet weighted; 2026/2025 Statcast baseline active,7,2,13,0,"Last 7 games: 2/13, 0 HR","platoon edge; pitcher baseline 0.0% barrel, 0.0 HR allowed",neutral batted-ball profile; pitcher fly-ball pressure modest,,
606466,Ketel Marte,AZ,ATH,2026-07-22T01:40:00Z,Pre-Game,1,Jack Perkins,678022,R,S,11.54,0.2123,91.08,102.8143,0.5074,0.2161,0.3711,74.67,45.36,50.38,27.43,45.6,21.0,8.55,38.26,88.08,0.3839,0.1531,33.61,8.2,8.2,8.2,Chase Field,101,99,6,None,Open-Meteo forecast; MLB fallback,https://forecast.weather.gov/MapClick.php?lat=33.4455&lon=-112.0667,34,2,Yes,,,No,Yes,MLB Stats API; RotoWire,not found on RotoWire,H:2026/2025 P:2026/2025,,,Direct BvP not yet weighted; 2026/2025 Statcast baseline active,7,6,31,1,"Last 7 games: 6/31, 1 HR","switch hitter; pitcher baseline 8.6% barrel, 8.2 HR allowed",neutral batted-ball profile; pitcher allows elevated contact,,
672695,Geraldo Perdomo,AZ,ATH,2026-07-22T01:40:00Z,Pre-Game,2,Jack Perkins,678022,R,S,4.03,0.1349,87.18,96.697,0.3652,0.1047,0.3371,67.39,2.08,44.85,25.66,30.36,10.9,8.55,38.26,88.08,0.3839,0.1531,33.61,8.2,8.2,8.2,Chase Field,101,99,6,None,Open-Meteo forecast; MLB fallback,https://forecast.weather.gov/MapClick.php?lat=33.4455&lon=-112.0667,34,2,Yes,,,No,Yes,MLB Stats API; RotoWire,not found on RotoWire,H:2026/2025 P:2026/2025,,,Direct BvP not yet weighted; 2026/2025 Statcast baseline active,7,4,23,1,"Last 7 games: 4/23, 1 HR","switch hitter; pitcher baseline 8.6% barrel, 8.2 HR allowed",neutral batted-ball profile; pitcher allows elevated contact,,
682998,Corbin Carroll,AZ,ATH,2026-07-22T01:40:00Z,Pre-Game,3,Jack Perkins,678022,R,L,12.68,0.2456,91.54,102.4505,0.4688,0.2159,0.3517,75.33,55.54,45.62,29.48,47.31,19.1,8.55,38.26,88.08,0.3839,0.1531,33.61,8.2,8.2,8.2,Chase Field,101,99,6,None,Open-Meteo forecast; MLB fallback,https://forecast.weather.gov/MapClick.php?lat=33.4455&lon=-112.0667,34,2,Yes,,,No,Yes,MLB Stats API; RotoWire,not found on RotoWire,H:2026/2025 P:2026/2025,,,Direct BvP not yet weighted; 2026/2025 Statcast baseline active,7,3,26,1,"Last 7 games: 3/26, 1 HR","platoon edge; pitcher baseline 8.6% barrel, 8.2 HR allowed",neutral batted-ball profile; pitcher allows elevated contact,,
672515,Gabriel Moreno,AZ,ATH,2026-07-22T01:40:00Z,Pre-Game,4,Jack Perkins,678022,R,R,7.17,0.1361,89.56,99.4087,0.4481,0.1607,0.3621,71.32,20.45,35.78,24.84,41.72,6.9,8.55,38.26,88.08,0.3839,0.1531,33.61,8.2,8.2,8.2,Chase Field,101,99,6,None,Open-Meteo forecast; MLB fallback,https://forecast.weather.gov/MapClick.php?lat=33.4455&lon=-112.0667,34,2,Yes,,,No,Yes,MLB Stats API; RotoWire,not found on RotoWire,H:2026/2025 P:2026/2025,,,Direct BvP not yet weighted; 2026/2025 Statcast baseline active,7,10,26,0,Contact streak: 10/26 over last 7 games,"same-side matchup; pitcher baseline 8.6% barrel, 8.2 HR allowed",neutral batted-ball profile; pitcher allows elevated contact,,
596146,Max Kepler,AZ,ATH,2026-07-22T01:40:00Z,Pre-Game,5,Jack Perkins,678022,R,L,11.04,0.1414,90.17,100.482,0.422,0.2035,0.3026,71.23,15.23,41.22,32.52,47.43,6.1,8.55,38.26,88.08,0.3839,0.1531,33.61,8.2,8.2,8.2,Chase Field,101,99,6,None,Open-Meteo forecast; MLB fallback,https://forecast.weather.gov/MapClick.php?lat=33.4455&lon=-112.0667,34,2,Yes,,,No,Yes,MLB Stats API; RotoWire,not found on RotoWire,H:2026/2025 P:2026/2025,,,Direct BvP not yet weighted; 2026/2025 Statcast baseline active,7,6,24,0,"Last 7 games: 6/24, 0 HR","platoon edge; pitcher baseline 8.6% barrel, 8.2 HR allowed",neutral batted-ball profile; pitcher allows elevated contact,,
571448,Nolan Arenado,AZ,ATH,2026-07-22T01:40:00Z,Pre-Game,6,Jack Perkins,678022,R,R,6.24,0.1673,85.89,97.2529,0.3618,0.1248,0.2939,71.4,16.55,44.13,27.86,33.23,12.7,8.55,38.26,88.08,0.3839,0.1531,33.61,8.2,8.2,8.2,Chase Field,101,99,6,None,Open-Meteo forecast; MLB fallback,https://forecast.weather.gov/MapClick.php?lat=33.4455&lon=-112.0667,34,2,Yes,,,No,Yes,MLB Stats API; RotoWire,not found on RotoWire,H:2026/2025 P:2026/2025,,,Direct BvP not yet weighted; 2026/2025 Statcast baseline active,7,6,24,2,Hot streak: 2 HR in last 7 games,"same-side matchup; pitcher baseline 8.6% barrel, 8.2 HR allowed",neutral batted-ball profile; pitcher allows elevated contact,,
694374,Tim Tawa,AZ,ATH,2026-07-22T01:40:00Z,Pre-Game,7,Jack Perkins,678022,R,R,7.55,0.1754,88.43,98.9484,0.3624,0.1452,0.29,73.94,38.14,41.85,24.72,38.39,4.9,8.55,38.26,88.08,0.3839,0.1531,33.61,8.2,8.2,8.2,Chase Field,101,99,6,None,Open-Meteo forecast; MLB fallback,https://forecast.weather.gov/MapClick.php?lat=33.4455&lon=-112.0667,34,2,Yes,,,No,Yes,MLB Stats API; RotoWire,not found on RotoWire,H:2026/2025 P:2026/2025,,,Direct BvP not yet weighted; 2026/2025 Statcast baseline active,7,9,25,3,Hot streak: 3 HR in last 7 games,"same-side matchup; pitcher baseline 8.6% barrel, 8.2 HR allowed",neutral batted-ball profile; pitcher allows elevated contact,,
545121,Ildemaro Vargas,AZ,ATH,2026-07-22T01:40:00Z,Pre-Game,8,Jack Perkins,678022,R,S,3.62,0.1312,88.01,98.4597,0.3802,0.107,0.3017,70.71,14.75,42.11,19.51,35.34,5.8,8.55,38.26,88.08,0.3839,0.1531,33.61,8.2,8.2,8.2,Chase Field,101,99,6,None,Open-Meteo forecast; MLB fallback,https://forecast.weather.gov/MapClick.php?lat=33.4455&lon=-112.0667,34,2,Yes,,,No,Yes,MLB Stats API; RotoWire,not found on RotoWire,H:2026/2025 P:2026/2025,,,Direct BvP not yet weighted; 2026/2025 Statcast baseline active,7,5,19,0,"Last 7 games: 5/19, 0 HR","switch hitter; pitcher baseline 8.6% barrel, 8.2 HR allowed",neutral batted-ball profile; pitcher allows elevated contact,,
678489,Jorge Barrosa,AZ,ATH,2026-07-22T01:40:00Z,Pre-Game,9,Jack Perkins,678022,R,S,4.2,0.1393,87.31,96.0376,0.2458,0.0875,0.2133,68.97,3.25,46.07,31.24,26.74,1.7,8.55,38.26,88.08,0.3839,0.1531,33.61,8.2,8.2,8.2,Chase Field,101,99,6,None,Open-Meteo forecast; MLB fallback,https://forecast.weather.gov/MapClick.php?lat=33.4455&lon=-112.0667,34,2,Yes,,,No,Yes,MLB Stats API; RotoWire,not found on RotoWire,H:2026/2025 P:2026/2025,,,Direct BvP not yet weighted; 2026/2025 Statcast baseline active,7,2,6,0,Contact streak: 2/6 over last 7 games,"switch hitter; pitcher baseline 8.6% barrel, 8.2 HR allowed",neutral batted-ball profile; pitcher allows elevated contact,,
682829,Elly De La Cruz,CIN,SEA,2026-07-22T01:40:00Z,Pre-Game,1,Luis Castillo,622491,R,S,13.38,0.2089,93.38,104.3437,0.4695,0.2017,0.3528,74.99,50.18,36.08,25.73,50.01,17.8,9.77,44.44,90.23,0.4278,0.173,27.44,15.3,15.3,15.3,T-Mobile Park,96,87,5,L To R,Open-Meteo forecast; MLB fallback,https://forecast.weather.gov/MapClick.php?lat=47.5914&lon=-122.3325,39,0,Yes,Yes,1,Yes,No,MLB Stats API; RotoWire,,H:2026/2025 P:2026/2025,,,Direct BvP not yet weighted; 2026/2025 Statcast baseline active,7,11,30,2,Hot streak: 2 HR in last 7 games,"switch hitter; pitcher baseline 9.8% barrel, 15.3 HR allowed",EV profile; pitcher fly-ball pressure modest,,
701398,Sal Stewart,CIN,SEA,2026-07-22T01:40:00Z,Pre-Game,2,Luis Castillo,622491,R,R,15.59,0.2403,91.97,101.7028,0.5201,0.2575,0.3653,72.45,28.47,38.29,32.37,44.31,15.5,9.77,44.44,90.23,0.4278,0.173,27.44,15.3,15.3,15.3,T-Mobile Park,96,87,5,L To R,Open-Meteo forecast; MLB fallback,https://forecast.weather.gov/MapClick.php?lat=47.5914&lon=-122.3325,39,0,Yes,Yes,2,Yes,No,MLB Stats API; RotoWire,,H:2026/2025 P:2026/2025,,,Direct BvP not yet weighted; 2026/2025 Statcast baseline active,7,6,28,1,"Last 7 games: 6/28, 1 HR","same-side matchup; pitcher baseline 9.8% barrel, 15.3 HR allowed",neutral batted-ball profile; pitcher fly-ball pressure modest,,
668709,JJ Bleday,CIN,SEA,2026-07-22T01:40:00Z,Pre-Game,3,Luis Castillo,622491,R,L,9.13,0.2249,88.91,100.0651,0.4185,0.1781,0.3355,73.24,29.43,46.44,31.94,40.87,15.4,9.77,44.44,90.23,0.4278,0.173,27.44,15.3,15.3,15.3,T-Mobile Park,96,87,5,L To R,Open-Meteo forecast; MLB fallback,https://forecast.weather.gov/MapClick.php?lat=47.5914&lon=-122.3325,39,0,Yes,Yes,3,Yes,No,MLB Stats API; RotoWire,,H:2026/2025 P:2026/2025,,,Direct BvP not yet weighted; 2026/2025 Statcast baseline active,7,6,25,2,Hot streak: 2 HR in last 7 games,"platoon edge; pitcher baseline 9.8% barrel, 15.3 HR allowed",neutral batted-ball profile; pitcher fly-ball pressure modest,,
553993,Eugenio Suárez,CIN,SEA,2026-07-22T01:40:00Z,Pre-Game,4,Luis Castillo,622491,R,R,11.29,0.2182,88.8,99.8113,0.365,0.1694,0.2801,71.74,20.55,47.61,33.06,36.4,23.1,9.77,44.44,90.23,0.4278,0.173,27.44,15.3,15.3,15.3,T-Mobile Park,96,87,5,L To R,Open-Meteo forecast; MLB fallback,https://forecast.weather.gov/MapClick.php?lat=47.5914&lon=-122.3325,39,0,Yes,Yes,4,Yes,No,MLB Stats API; RotoWire,,H:2026/2025 P:2026/2025,,,Direct BvP not yet weighted; 2026/2025 Statcast baseline active,7,7,26,3,Hot streak: 3 HR in last 7 games,"same-side matchup; pitcher baseline 9.8% barrel, 15.3 HR allowed",neutral batted-ball profile; pitcher fly-ball pressure modest,,
663993,Nathaniel Lowe,CIN,SEA,2026-07-22T01:40:00Z,Pre-Game,5,Luis Castillo,622491,R,L,10.22,0.2027,89.14,101.1863,0.4395,0.1877,0.338,74.03,37.95,38.88,25.71,41.36,13.1,9.77,44.44,90.23,0.4278,0.173,27.44,15.3,15.3,15.3,T-Mobile Park,96,87,5,L To R,Open-Meteo forecast; MLB fallback,https://forecast.weather.gov/MapClick.php?lat=47.5914&lon=-122.3325,39,0,Yes,Yes,5,Yes,No,MLB Stats API; RotoWire,,H:2026/2025 P:2026/2025,,,Direct BvP not yet weighted; 2026/2025 Statcast baseline active,7,6,27,2,Hot streak: 2 HR in last 7 games,"platoon edge; pitcher baseline 9.8% barrel, 15.3 HR allowed",neutral batted-ball profile; pitcher fly-ball pressure modest,,
682622,Noelvi Marte,CIN,SEA,2026-07-22T01:40:00Z,Pre-Game,6,Luis Castillo,622491,R,R,7.21,0.1822,88.01,99.5834,0.3634,0.1457,0.276,72.81,30.47,46.53,19.87,31.12,8.4,9.77,44.44,90.23,0.4278,0.173,27.44,15.3,15.3,15.3,T-Mobile Park,96,87,5,L To R,Open-Meteo forecast; MLB fallback,https://forecast.weather.gov/MapClick.php?lat=47.5914&lon=-122.3325,39,0,Yes,Yes,6,Yes,No,MLB Stats API; RotoWire,,H:2026/2025 P:2026/2025,,,Direct BvP not yet weighted; 2026/2025 Statcast baseline active,7,2,16,0,"Last 7 games: 2/16, 0 HR","same-side matchup; pitcher baseline 9.8% barrel, 15.3 HR allowed",neutral batted-ball profile; pitcher fly-ball pressure modest,,
624431,Jose Trevino,CIN,SEA,2026-07-22T01:40:00Z,Pre-Game,7,Luis Castillo,622491,R,R,3.66,0.1522,88.04,98.1489,0.3368,0.0997,0.2584,68.97,3.51,36.42,21.36,34.82,3.3,9.77,44.44,90.23,0.4278,0.173,27.44,15.3,15.3,15.3,T-Mobile Park,96,87,5,L To R,Open-Meteo forecast; MLB fallback,https://forecast.weather.gov/MapClick.php?lat=47.5914&lon=-122.3325,39,0,Yes,Yes,7,Yes,No,MLB Stats API; RotoWire,,H:2026/2025 P:2026/2025,,,Direct BvP not yet weighted; 2026/2025 Statcast baseline active,7,11,26,3,Hot streak: 3 HR in last 7 games,"same-side matchup; pitcher baseline 9.8% barrel, 15.3 HR allowed",neutral batted-ball profile; pitcher fly-ball pressure modest,,
670770,TJ Friedl,CIN,SEA,2026-07-22T01:40:00Z,Pre-Game,8,Luis Castillo,622491,R,L,2.84,0.0967,87.24,97.2152,0.2708,0.0746,0.2587,70.53,9.26,39.6,23.0,29.02,6.3,9.77,44.44,90.23,0.4278,0.173,27.44,15.3,15.3,15.3,T-Mobile Park,96,87,5,L To R,Open-Meteo forecast; MLB fallback,https://forecast.weather.gov/MapClick.php?lat=47.5914&lon=-122.3325,39,0,Yes,Yes,8,Yes,No,MLB Stats API; RotoWire,,H:2026/2025 P:2026/2025,,,Direct BvP not yet weighted; 2026/2025 Statcast baseline active,7,3,20,0,"Last 7 games: 3/20, 0 HR","platoon edge; pitcher baseline 9.8% barrel, 15.3 HR allowed",neutral batted-ball profile; pitcher fly-ball pressure modest,,
695490,Edwin Arroyo,CIN,SEA,2026-07-22T01:40:00Z,Pre-Game,9,Luis Castillo,622491,R,S,1.2,0.046,87.2,95.9516,0.373,0.073,0.316,69.3,5.8,44.2,15.1,25.6,0.0,9.77,44.44,90.23,0.4278,0.173,27.44,15.3,15.3,15.3,T-Mobile Park,96,87,5,L To R,Open-Meteo forecast; MLB fallback,https://forecast.weather.gov/MapClick.php?lat=47.5914&lon=-122.3325,39,0,Yes,Yes,9,Yes,No,MLB Stats API; RotoWire,,H:2026 P:2026/2025,,,Direct BvP not yet weighted; 2026/2025 Statcast baseline active,7,5,20,0,"Last 7 games: 5/20, 0 HR","switch hitter; pitcher baseline 9.8% barrel, 15.3 HR allowed",neutral batted-ball profile; pitcher fly-ball pressure modest,,
702284,Cole Young,SEA,CIN,2026-07-22T01:40:00Z,Pre-Game,1,Chase Burns,695505,R,L,5.46,0.1346,88.23,98.9647,0.404,0.1429,0.3222,71.61,22.44,43.59,27.15,36.63,10.3,9.29,39.89,89.5,0.356,0.1474,29.29,9.9,9.9,9.9,T-Mobile Park,96,87,5,L To R,Open-Meteo forecast; MLB fallback,https://forecast.weather.gov/MapClick.php?lat=47.5914&lon=-122.3325,39,0,Yes,Yes,1,Yes,No,MLB Stats API; RotoWire,,H:2026/2025 P:2026/2025,,,Direct BvP not yet weighted; 2026/2025 Statcast baseline active,7,7,25,3,Hot streak: 3 HR in last 7 games,"platoon edge; pitcher baseline 9.3% barrel, 9.9 HR allowed",neutral batted-ball profile; pitcher fly-ball pressure modest,,
668227,Randy Arozarena,SEA,CIN,2026-07-22T01:40:00Z,Pre-Game,2,Chase Burns,695505,R,R,8.91,0.1726,91.23,101.0229,0.4198,0.1669,0.3445,71.32,24.48,33.98,22.28,44.72,15.8,9.29,39.89,89.5,0.356,0.1474,29.29,9.9,9.9,9.9,T-Mobile Park,96,87,5,L To R,Open-Meteo forecast; MLB fallback,https://forecast.weather.gov/MapClick.php?lat=47.5914&lon=-122.3325,39,0,Yes,Yes,2,Yes,No,MLB Stats API; RotoWire,,H:2026/2025 P:2026/2025,,,Direct BvP not yet weighted; 2026/2025 Statcast baseline active,7,6,24,1,"Last 7 games: 6/24, 1 HR","same-side matchup; pitcher baseline 9.3% barrel, 9.9 HR allowed",neutral batted-ball profile; pitcher fly-ball pressure modest,,
686527,Dominic Canzone,SEA,CIN,2026-07-22T01:40:00Z,Pre-Game,3,Chase Burns,695505,R,L,14.57,0.2307,92.65,103.1754,0.5148,0.2388,0.3676,74.29,44.96,40.67,26.37,48.93,13.8,9.29,39.89,89.5,0.356,0.1474,29.29,9.9,9.9,9.9,T-Mobile Park,96,87,5,L To R,Open-Meteo forecast; MLB fallback,https://forecast.weather.gov/MapClick.php?lat=47.5914&lon=-122.3325,39,0,Yes,Yes,3,Yes,No,MLB Stats API; RotoWire,,H:2026/2025 P:2026/2025,,,Direct BvP not yet weighted; 2026/2025 Statcast baseline active,7,6,28,1,"Last 7 games: 6/28, 1 HR","platoon edge; pitcher baseline 9.3% barrel, 9.9 HR allowed",EV profile; pitcher fly-ball pressure modest,,
663728,Cal Raleigh,SEA,CIN,2026-07-22T01:40:00Z,Pre-Game,4,Chase Burns,695505,R,S,13.9,0.2034,88.99,100.0036,0.4112,0.2194,0.3115,74.85,51.83,52.4,43.48,37.35,25.0,9.29,39.89,89.5,0.356,0.1474,29.29,9.9,9.9,9.9,T-Mobile Park,96,87,5,L To R,Open-Meteo forecast; MLB fallback,https://forecast.weather.gov/MapClick.php?lat=47.5914&lon=-122.3325,39,0,Yes,Yes,4,Yes,No,MLB Stats API; RotoWire,,H:2026/2025 P:2026/2025,,,Direct BvP not yet weighted; 2026/2025 Statcast baseline active,7,3,25,1,"Last 7 games: 3/25, 1 HR","switch hitter; pitcher baseline 9.3% barrel, 9.9 HR allowed",fly-ball profile; pitcher fly-ball pressure modest,,
647304,Josh Naylor,SEA,CIN,2026-07-22T01:40:00Z,Pre-Game,5,Chase Burns,695505,R,L,5.3,0.1187,88.08,99.2053,0.4052,0.1352,0.3238,70.51,11.25,41.78,22.92,38.19,11.6,9.29,39.89,89.5,0.356,0.1474,29.29,9.9,9.9,9.9,T-Mobile Park,96,87,5,L To R,Open-Meteo forecast; MLB fallback,https://forecast.weather.gov/MapClick.php?lat=47.5914&lon=-122.3325,39,0,Yes,Yes,5,Yes,No,MLB Stats API; RotoWire,,H:2026/2025 P:2026/2025,,,Direct BvP not yet weighted; 2026/2025 Statcast baseline active,7,7,25,0,"Last 7 games: 7/25, 0 HR","platoon edge; pitcher baseline 9.3% barrel, 9.9 HR allowed",neutral batted-ball profile; pitcher fly-ball pressure modest,,
670042,Luke Raley,SEA,CIN,2026-07-22T01:40:00Z,Pre-Game,6,Chase Burns,695505,R,L,14.8,0.1916,90.27,102.1273,0.4588,0.2155,0.3386,74.78,51.18,47.2,27.0,45.73,11.7,9.29,39.89,89.5,0.356,0.1474,29.29,9.9,9.9,9.9,T-Mobile Park,96,87,5,L To R,Open-Meteo forecast; MLB fallback,https://forecast.weather.gov/MapClick.php?lat=47.5914&lon=-122.3325,39,0,Yes,Yes,6,Yes,No,MLB Stats API; RotoWire,,H:2026/2025 P:2026/2025,,,Direct BvP not yet weighted; 2026/2025 Statcast baseline active,7,5,20,1,"Last 7 games: 5/20, 1 HR","platoon edge; pitcher baseline 9.3% barrel, 9.9 HR allowed",neutral batted-ball profile; pitcher fly-ball pressure modest,,
645302,Victor Robles,SEA,CIN,2026-07-22T01:40:00Z,Pre-Game,7,Chase Burns,695505,R,R,3.08,0.0458,84.49,94.5173,0.3158,0.0897,0.2615,67.91,2.02,45.42,26.52,19.84,0.3,9.29,39.89,89.5,0.356,0.1474,29.29,9.9,9.9,9.9,T-Mobile Park,96,87,5,L To R,Open-Meteo forecast; MLB fallback,https://forecast.weather.gov/MapClick.php?lat=47.5914&lon=-122.3325,39,0,Yes,Yes,7,Yes,No,MLB Stats API; RotoWire,,H:2026/2025 P:2026/2025,,,Direct BvP not yet weighted; 2026/2025 Statcast baseline active,7,5,13,0,Contact streak: 5/13 over last 7 games,"same-side matchup; pitcher baseline 9.3% barrel, 9.9 HR allowed",neutral batted-ball profile; pitcher fly-ball pressure modest,,
806068,Colt Emerson,SEA,CIN,2026-07-22T01:40:00Z,Pre-Game,8,Chase Burns,695505,R,L,5.9,0.179,86.4,97.1528,0.286,0.111,0.242,72.4,24.2,37.6,22.8,30.7,7.0,9.29,39.89,89.5,0.356,0.1474,29.29,9.9,9.9,9.9,T-Mobile Park,96,87,5,L To R,Open-Meteo forecast; MLB fallback,https://forecast.weather.gov/MapClick.php?lat=47.5914&lon=-122.3325,39,0,Yes,Yes,8,Yes,No,MLB Stats API; RotoWire,,H:2026 P:2026/2025,,,Direct BvP not yet weighted; 2026/2025 Statcast baseline active,7,3,22,0,"Last 7 games: 3/22, 0 HR","platoon edge; pitcher baseline 9.3% barrel, 9.9 HR allowed",neutral batted-ball profile; pitcher fly-ball pressure modest,,
642215,Weston Wilson,SEA,CIN,2026-07-22T01:40:00Z,Pre-Game,9,Chase Burns,695505,R,R,6.52,0.143,87.37,98.0612,0.3304,0.1277,0.2768,72.98,29.87,48.32,29.77,34.0,2.9,9.29,39.89,89.5,0.356,0.1474,29.29,9.9,9.9,9.9,T-Mobile Park,96,87,5,L To R,Open-Meteo forecast; MLB fallback,https://forecast.weather.gov/MapClick.php?lat=47.5914&lon=-122.3325,39,0,Yes,Yes,9,Yes,No,MLB Stats API; RotoWire,,H:2026/2025 P:2026/2025,,,Direct BvP not yet weighted; 2026/2025 Statcast baseline active,7,3,9,1,Contact streak: 3/9 over last 7 games,"same-side matchup; pitcher baseline 9.3% barrel, 9.9 HR allowed",neutral batted-ball profile; pitcher fly-ball pressure modest,,
